<?xml version="1.0" encoding="UTF-8"?><module>
       
    <id>CMM_ContractManagement</id>
       
    <auto-deploy>true</auto-deploy>
       
    <configurations>
              
      
        <!-- Document Library config section -->
              
        <config condition="DocumentLibrary" evaluator="string-compare" replace="false">
                     
            <aspects>
                            
                <visible>
                                   
                    <aspect label="Honda" name="ContractManagement:Honda"/>
                                   
                    <aspect label="Contract Information" name="ContractManagement:cm"/>
                                
                </visible>
                         
            </aspects>
                     
            <types>
                            
                <type name="ContractManagement:Contract">
                                   
                    <subtype label="Supporting Document" name="ContractManagement:SupportingDocument"/>
                                
                </type>
                            
                <type name="cm:content">
                                   
                    <subtype label="" name="ContractManagement:Form"/>
                                   
                    <subtype label="Supporting Document" name="ContractManagement:SupportingDocument"/>
                                   
                    <subtype label="" name="ContractManagement:Contract"/>
                                
                </type>
                         
            </types>
                  
        </config>
              
        <!-- Form configuration section - type -->
              
        <config condition="ContractManagement:Form" evaluator="node-type">
                     
            <forms>
                            
                <form>
                                   
                    <field-visibility>
                                          
                        <show id="cm:name"/>
                                          
                        <show force="true" id="cm:title"/>
                                          
                        <show force="true" id="cm:description"/>
                                          
                        <show for-mode="view" id="cm:creator"/>
                                          
                        <show for-mode="view" id="cm:created"/>
                                          
                        <show for-mode="view" id="cm:modifier"/>
                                          
                        <show for-mode="view" id="cm:modified"/>
                                          
                        <show for-mode="view" id="size"/>
                                          
                        <show id="mimetype"/>
                                          
                        <show force="true" id="cm:author"/>
                                          
                        <show for-mode="edit" force="true" id="cm:taggable"/>
                                          
                        <show id="cm:categories"/>
                                       
                    </field-visibility>
                                   
                    <appearance>
                                          
                        <set appearance="whitespace" id="ContractManagement:Form_cmm_set0"/>
                                          
                        <field id="cm:title" set="ContractManagement:Form_cmm_set0">
                  </field>
                                          
                        <field id="cm:creator" set="ContractManagement:Form_cmm_set0">
                  </field>
                                          
                        <field id="cm:modifier" set="ContractManagement:Form_cmm_set0">
                  </field>
                                          
                        <field id="cm:created" set="ContractManagement:Form_cmm_set0">
                  </field>
                                          
                        <field id="size" set="ContractManagement:Form_cmm_set0">
                                                 
                            <control template="/org/alfresco/components/form/controls/size.ftl">
                     </control>
                                              
                        </field>
                                          
                        <field id="cm:name" set="ContractManagement:Form_cmm_set0">
                  </field>
                                          
                        <field id="cm:author" set="ContractManagement:Form_cmm_set0">
                  </field>
                                          
                        <field id="mimetype" set="ContractManagement:Form_cmm_set0">
                                                 
                            <control template="/org/alfresco/components/form/controls/mimetype.ftl">
                     </control>
                                              
                        </field>
                                          
                        <field id="cm:categories" set="ContractManagement:Form_cmm_set0">
                                                 
                            <control>
                                                        
                                <control-param name="compactMode">true</control-param>
                                                     
                            </control>
                                              
                        </field>
                                          
                        <field id="cm:modified" set="ContractManagement:Form_cmm_set0">
                  </field>
                                          
                        <field id="cm:description" set="ContractManagement:Form_cmm_set0">
                  </field>
                                          
                        <field id="cm:taggable" set="ContractManagement:Form_cmm_set0">
                                                 
                            <control>
                                                        
                                <control-param name="createNewItemUri">/api/tag/workspace/SpacesStore</control-param>
                                                        
                                <control-param name="createNewItemIcon">tag</control-param>
                                                        
                                <control-param name="params">aspect=cm:taggable</control-param>
                                                        
                                <control-param name="compactMode">true</control-param>
                                                     
                            </control>
                                              
                        </field>
                                       
                    </appearance>
                                
                </form>
                            
            
                <!-- Document Library pop-up Edit Metadata form -->
                            
                <form id="doclib-simple-metadata">
                                   
                    <edit-form template="../documentlibrary/forms/doclib-simple-metadata.ftl"/>
                                   
                    <field-visibility>
                                          
                        <show id="cm:name"/>
                                          
                        <show force="true" id="cm:title"/>
                                          
                        <show force="true" id="cm:description"/>
                                          
                        <show for-mode="view" id="cm:creator"/>
                                          
                        <show for-mode="view" id="cm:created"/>
                                          
                        <show for-mode="view" id="cm:modifier"/>
                                          
                        <show for-mode="view" id="cm:modified"/>
                                          
                        <show for-mode="view" id="size"/>
                                          
                        <show id="mimetype"/>
                                          
                        <show force="true" id="cm:author"/>
                                          
                        <show for-mode="edit" force="true" id="cm:taggable"/>
                                          
                        <show id="cm:categories"/>
                                       
                    </field-visibility>
                                   
                    <appearance>
                                          
                        <set appearance="whitespace" id="ContractManagement:Form_cmm_set0"/>
                                          
                        <field id="cm:title" set="ContractManagement:Form_cmm_set0">
                  </field>
                                          
                        <field id="cm:creator" set="ContractManagement:Form_cmm_set0">
                  </field>
                                          
                        <field id="cm:modifier" set="ContractManagement:Form_cmm_set0">
                  </field>
                                          
                        <field id="cm:created" set="ContractManagement:Form_cmm_set0">
                  </field>
                                          
                        <field id="size" set="ContractManagement:Form_cmm_set0">
                                                 
                            <control template="/org/alfresco/components/form/controls/size.ftl">
                     </control>
                                              
                        </field>
                                          
                        <field id="cm:name" set="ContractManagement:Form_cmm_set0">
                  </field>
                                          
                        <field id="cm:author" set="ContractManagement:Form_cmm_set0">
                  </field>
                                          
                        <field id="mimetype" set="ContractManagement:Form_cmm_set0">
                                                 
                            <control template="/org/alfresco/components/form/controls/mimetype.ftl">
                     </control>
                                              
                        </field>
                                          
                        <field id="cm:categories" set="ContractManagement:Form_cmm_set0">
                                                 
                            <control>
                                                        
                                <control-param name="compactMode">true</control-param>
                                                     
                            </control>
                                              
                        </field>
                                          
                        <field id="cm:modified" set="ContractManagement:Form_cmm_set0">
                  </field>
                                          
                        <field id="cm:description" set="ContractManagement:Form_cmm_set0">
                  </field>
                                          
                        <field id="cm:taggable" set="ContractManagement:Form_cmm_set0">
                                                 
                            <control>
                                                        
                                <control-param name="createNewItemUri">/api/tag/workspace/SpacesStore</control-param>
                                                        
                                <control-param name="createNewItemIcon">tag</control-param>
                                                        
                                <control-param name="params">aspect=cm:taggable</control-param>
                                                        
                                <control-param name="compactMode">true</control-param>
                                                     
                            </control>
                                              
                        </field>
                                       
                    </appearance>
                                
                </form>
                            
            
                <!-- Document Library Inline Edit form -->
                            
                <form id="doclib-inline-edit">
                                   
                    <field-visibility>
                                          
                        <show id="cm:name"/>
                                          
                        <show force="true" id="cm:content"/>
                                          
                        <show force="true" id="cm:title"/>
                                          
                        <show force="true" id="cm:description"/>
                                       
                    </field-visibility>
                                   
                    <appearance>
                                          
                        <field id="cm:name">
                                                
                            <control>
                                                       
                                <control-param name="maxLength">255</control-param>
                                                    
                            </control>
                                              
                        </field>
                                          
                        <field id="cm:title">
                                                 
                            <control template="/org/alfresco/components/form/controls/textfield.ftl"/>
                                              
                        </field>
                                          
                        <field id="cm:content" label-id="">
                                                 
                            <control>
                                                        
                                <control-param name="editorAppearance">explorer</control-param>
                                                        
                                <control-param name="forceEditor">true</control-param>
                                                     
                            </control>
                                              
                        </field>
                                       
                    </appearance>
                                
                </form>
                         
            </forms>
                  
        </config>
              
        <config condition="ContractManagement:SupportingDocument" evaluator="node-type">
                     
            <forms>
                            
                <form>
                                   
                    <field-visibility>
                                          
                        <show id="cm:name"/>
                                          
                        <show force="true" id="cm:title"/>
                                          
                        <show force="true" id="cm:description"/>
                                          
                        <show for-mode="view" id="cm:creator"/>
                                          
                        <show for-mode="view" id="cm:created"/>
                                          
                        <show for-mode="view" id="cm:modifier"/>
                                          
                        <show for-mode="view" id="cm:modified"/>
                                          
                        <show for-mode="view" id="size"/>
                                          
                        <show id="mimetype"/>
                                          
                        <show force="true" id="cm:author"/>
                                          
                        <show for-mode="edit" force="true" id="cm:taggable"/>
                                          
                        <show id="cm:categories"/>
                                       
                    </field-visibility>
                                   
                    <appearance>
                                          
                        <set appearance="whitespace" id="ContractManagement:SupportingDocument_cmm_set0"/>
                                          
                        <field id="cm:title" set="ContractManagement:SupportingDocument_cmm_set0">
                  </field>
                                          
                        <field id="cm:creator" set="ContractManagement:SupportingDocument_cmm_set0">
                  </field>
                                          
                        <field id="cm:modifier" set="ContractManagement:SupportingDocument_cmm_set0">
                  </field>
                                          
                        <field id="cm:created" set="ContractManagement:SupportingDocument_cmm_set0">
                  </field>
                                          
                        <field id="size" set="ContractManagement:SupportingDocument_cmm_set0">
                                                 
                            <control template="/org/alfresco/components/form/controls/size.ftl">
                     </control>
                                              
                        </field>
                                          
                        <field id="cm:name" set="ContractManagement:SupportingDocument_cmm_set0">
                  </field>
                                          
                        <field id="cm:author" set="ContractManagement:SupportingDocument_cmm_set0">
                  </field>
                                          
                        <field id="mimetype" set="ContractManagement:SupportingDocument_cmm_set0">
                                                 
                            <control template="/org/alfresco/components/form/controls/mimetype.ftl">
                     </control>
                                              
                        </field>
                                          
                        <field id="cm:categories" set="ContractManagement:SupportingDocument_cmm_set0">
                                                 
                            <control>
                                                        
                                <control-param name="compactMode">true</control-param>
                                                     
                            </control>
                                              
                        </field>
                                          
                        <field id="cm:modified" set="ContractManagement:SupportingDocument_cmm_set0">
                  </field>
                                          
                        <field id="cm:description" set="ContractManagement:SupportingDocument_cmm_set0">
                  </field>
                                          
                        <field id="cm:taggable" set="ContractManagement:SupportingDocument_cmm_set0">
                                                 
                            <control>
                                                        
                                <control-param name="createNewItemUri">/api/tag/workspace/SpacesStore</control-param>
                                                        
                                <control-param name="createNewItemIcon">tag</control-param>
                                                        
                                <control-param name="params">aspect=cm:taggable</control-param>
                                                        
                                <control-param name="compactMode">true</control-param>
                                                     
                            </control>
                                              
                        </field>
                                       
                    </appearance>
                                
                </form>
                            
            
                <!-- Document Library pop-up Edit Metadata form -->
                            
                <form id="doclib-simple-metadata">
                                   
                    <edit-form template="../documentlibrary/forms/doclib-simple-metadata.ftl"/>
                                   
                    <field-visibility>
                                          
                        <show id="cm:name"/>
                                          
                        <show force="true" id="cm:title"/>
                                          
                        <show force="true" id="cm:description"/>
                                          
                        <show for-mode="view" id="cm:creator"/>
                                          
                        <show for-mode="view" id="cm:created"/>
                                          
                        <show for-mode="view" id="cm:modifier"/>
                                          
                        <show for-mode="view" id="cm:modified"/>
                                          
                        <show for-mode="view" id="size"/>
                                          
                        <show id="mimetype"/>
                                          
                        <show force="true" id="cm:author"/>
                                          
                        <show for-mode="edit" force="true" id="cm:taggable"/>
                                          
                        <show id="cm:categories"/>
                                       
                    </field-visibility>
                                   
                    <appearance>
                                          
                        <set appearance="whitespace" id="ContractManagement:SupportingDocument_cmm_set0"/>
                                          
                        <field id="cm:title" set="ContractManagement:SupportingDocument_cmm_set0">
                  </field>
                                          
                        <field id="cm:creator" set="ContractManagement:SupportingDocument_cmm_set0">
                  </field>
                                          
                        <field id="cm:modifier" set="ContractManagement:SupportingDocument_cmm_set0">
                  </field>
                                          
                        <field id="cm:created" set="ContractManagement:SupportingDocument_cmm_set0">
                  </field>
                                          
                        <field id="size" set="ContractManagement:SupportingDocument_cmm_set0">
                                                 
                            <control template="/org/alfresco/components/form/controls/size.ftl">
                     </control>
                                              
                        </field>
                                          
                        <field id="cm:name" set="ContractManagement:SupportingDocument_cmm_set0">
                  </field>
                                          
                        <field id="cm:author" set="ContractManagement:SupportingDocument_cmm_set0">
                  </field>
                                          
                        <field id="mimetype" set="ContractManagement:SupportingDocument_cmm_set0">
                                                 
                            <control template="/org/alfresco/components/form/controls/mimetype.ftl">
                     </control>
                                              
                        </field>
                                          
                        <field id="cm:categories" set="ContractManagement:SupportingDocument_cmm_set0">
                                                 
                            <control>
                                                        
                                <control-param name="compactMode">true</control-param>
                                                     
                            </control>
                                              
                        </field>
                                          
                        <field id="cm:modified" set="ContractManagement:SupportingDocument_cmm_set0">
                  </field>
                                          
                        <field id="cm:description" set="ContractManagement:SupportingDocument_cmm_set0">
                  </field>
                                          
                        <field id="cm:taggable" set="ContractManagement:SupportingDocument_cmm_set0">
                                                 
                            <control>
                                                        
                                <control-param name="createNewItemUri">/api/tag/workspace/SpacesStore</control-param>
                                                        
                                <control-param name="createNewItemIcon">tag</control-param>
                                                        
                                <control-param name="params">aspect=cm:taggable</control-param>
                                                        
                                <control-param name="compactMode">true</control-param>
                                                     
                            </control>
                                              
                        </field>
                                       
                    </appearance>
                                
                </form>
                            
            
                <!-- Document Library Inline Edit form -->
                            
                <form id="doclib-inline-edit">
                                   
                    <field-visibility>
                                          
                        <show id="cm:name"/>
                                          
                        <show force="true" id="cm:content"/>
                                          
                        <show force="true" id="cm:title"/>
                                          
                        <show force="true" id="cm:description"/>
                                       
                    </field-visibility>
                                   
                    <appearance>
                                          
                        <field id="cm:name">
                                                
                            <control>
                                                       
                                <control-param name="maxLength">255</control-param>
                                                    
                            </control>
                                              
                        </field>
                                          
                        <field id="cm:title">
                                                 
                            <control template="/org/alfresco/components/form/controls/textfield.ftl"/>
                                              
                        </field>
                                          
                        <field id="cm:content" label-id="">
                                                 
                            <control>
                                                        
                                <control-param name="editorAppearance">explorer</control-param>
                                                        
                                <control-param name="forceEditor">true</control-param>
                                                     
                            </control>
                                              
                        </field>
                                       
                    </appearance>
                                
                </form>
                         
            </forms>
                  
        </config>
              
        <config condition="ContractManagement:Contract" evaluator="node-type">
                     
            <forms>
                            
                <form>
                                   
                    <field-visibility>
                                          
                        <show id="cm:name"/>
                                          
                        <show force="true" id="cm:title"/>
                                          
                        <show force="true" id="cm:description"/>
                                          
                        <show for-mode="view" id="cm:creator"/>
                                          
                        <show for-mode="view" id="cm:created"/>
                                          
                        <show for-mode="view" id="cm:modifier"/>
                                          
                        <show for-mode="view" id="cm:modified"/>
                                          
                        <show for-mode="view" id="size"/>
                                          
                        <show id="mimetype"/>
                                          
                        <show force="true" id="cm:author"/>
                                          
                        <show for-mode="edit" force="true" id="cm:taggable"/>
                                          
                        <show id="cm:categories"/>
                                       
                    </field-visibility>
                                   
                    <appearance>
                                          
                        <set appearance="whitespace" id="ContractManagement:Contract_cmm_set0"/>
                                          
                        <field id="cm:title" set="ContractManagement:Contract_cmm_set0">
                  </field>
                                          
                        <field id="cm:creator" set="ContractManagement:Contract_cmm_set0">
                  </field>
                                          
                        <field id="cm:modifier" set="ContractManagement:Contract_cmm_set0">
                  </field>
                                          
                        <field id="cm:created" set="ContractManagement:Contract_cmm_set0">
                  </field>
                                          
                        <field id="size" set="ContractManagement:Contract_cmm_set0">
                                                 
                            <control template="/org/alfresco/components/form/controls/size.ftl">
                     </control>
                                              
                        </field>
                                          
                        <field id="cm:name" set="ContractManagement:Contract_cmm_set0">
                  </field>
                                          
                        <field id="cm:author" set="ContractManagement:Contract_cmm_set0">
                  </field>
                                          
                        <field id="mimetype" set="ContractManagement:Contract_cmm_set0">
                                                 
                            <control template="/org/alfresco/components/form/controls/mimetype.ftl">
                     </control>
                                              
                        </field>
                                          
                        <field id="cm:categories" set="ContractManagement:Contract_cmm_set0">
                                                 
                            <control>
                                                        
                                <control-param name="compactMode">true</control-param>
                                                     
                            </control>
                                              
                        </field>
                                          
                        <field id="cm:modified" set="ContractManagement:Contract_cmm_set0">
                  </field>
                                          
                        <field id="cm:description" set="ContractManagement:Contract_cmm_set0">
                  </field>
                                          
                        <field id="cm:taggable" set="ContractManagement:Contract_cmm_set0">
                                                 
                            <control>
                                                        
                                <control-param name="createNewItemUri">/api/tag/workspace/SpacesStore</control-param>
                                                        
                                <control-param name="createNewItemIcon">tag</control-param>
                                                        
                                <control-param name="params">aspect=cm:taggable</control-param>
                                                        
                                <control-param name="compactMode">true</control-param>
                                                     
                            </control>
                                              
                        </field>
                                       
                    </appearance>
                                
                </form>
                            
            
                <!-- Document Library pop-up Edit Metadata form -->
                            
                <form id="doclib-simple-metadata">
                                   
                    <edit-form template="../documentlibrary/forms/doclib-simple-metadata.ftl"/>
                                   
                    <field-visibility>
                                          
                        <show id="cm:name"/>
                                          
                        <show force="true" id="cm:title"/>
                                          
                        <show force="true" id="cm:description"/>
                                          
                        <show for-mode="view" id="cm:creator"/>
                                          
                        <show for-mode="view" id="cm:created"/>
                                          
                        <show for-mode="view" id="cm:modifier"/>
                                          
                        <show for-mode="view" id="cm:modified"/>
                                          
                        <show for-mode="view" id="size"/>
                                          
                        <show id="mimetype"/>
                                          
                        <show force="true" id="cm:author"/>
                                          
                        <show for-mode="edit" force="true" id="cm:taggable"/>
                                          
                        <show id="cm:categories"/>
                                       
                    </field-visibility>
                                   
                    <appearance>
                                          
                        <set appearance="whitespace" id="ContractManagement:Contract_cmm_set0"/>
                                          
                        <field id="cm:title" set="ContractManagement:Contract_cmm_set0">
                  </field>
                                          
                        <field id="cm:creator" set="ContractManagement:Contract_cmm_set0">
                  </field>
                                          
                        <field id="cm:modifier" set="ContractManagement:Contract_cmm_set0">
                  </field>
                                          
                        <field id="cm:created" set="ContractManagement:Contract_cmm_set0">
                  </field>
                                          
                        <field id="size" set="ContractManagement:Contract_cmm_set0">
                                                 
                            <control template="/org/alfresco/components/form/controls/size.ftl">
                     </control>
                                              
                        </field>
                                          
                        <field id="cm:name" set="ContractManagement:Contract_cmm_set0">
                  </field>
                                          
                        <field id="cm:author" set="ContractManagement:Contract_cmm_set0">
                  </field>
                                          
                        <field id="mimetype" set="ContractManagement:Contract_cmm_set0">
                                                 
                            <control template="/org/alfresco/components/form/controls/mimetype.ftl">
                     </control>
                                              
                        </field>
                                          
                        <field id="cm:categories" set="ContractManagement:Contract_cmm_set0">
                                                 
                            <control>
                                                        
                                <control-param name="compactMode">true</control-param>
                                                     
                            </control>
                                              
                        </field>
                                          
                        <field id="cm:modified" set="ContractManagement:Contract_cmm_set0">
                  </field>
                                          
                        <field id="cm:description" set="ContractManagement:Contract_cmm_set0">
                  </field>
                                          
                        <field id="cm:taggable" set="ContractManagement:Contract_cmm_set0">
                                                 
                            <control>
                                                        
                                <control-param name="createNewItemUri">/api/tag/workspace/SpacesStore</control-param>
                                                        
                                <control-param name="createNewItemIcon">tag</control-param>
                                                        
                                <control-param name="params">aspect=cm:taggable</control-param>
                                                        
                                <control-param name="compactMode">true</control-param>
                                                     
                            </control>
                                              
                        </field>
                                       
                    </appearance>
                                
                </form>
                            
            
                <!-- Document Library Inline Edit form -->
                            
                <form id="doclib-inline-edit">
                                   
                    <field-visibility>
                                          
                        <show id="cm:name"/>
                                          
                        <show force="true" id="cm:content"/>
                                          
                        <show force="true" id="cm:title"/>
                                          
                        <show force="true" id="cm:description"/>
                                       
                    </field-visibility>
                                   
                    <appearance>
                                          
                        <field id="cm:name">
                                                
                            <control>
                                                       
                                <control-param name="maxLength">255</control-param>
                                                    
                            </control>
                                              
                        </field>
                                          
                        <field id="cm:title">
                                                 
                            <control template="/org/alfresco/components/form/controls/textfield.ftl"/>
                                              
                        </field>
                                          
                        <field id="cm:content" label-id="">
                                                 
                            <control>
                                                        
                                <control-param name="editorAppearance">explorer</control-param>
                                                        
                                <control-param name="forceEditor">true</control-param>
                                                     
                            </control>
                                              
                        </field>
                                       
                    </appearance>
                                
                </form>
                         
            </forms>
                  
        </config>
              
      
        <!-- Form configuration section - aspect -->
              
        <config condition="ContractManagement:Honda" evaluator="aspect">
                     
            <forms>
                            
                <form>
                                   
                    <field-visibility>
                                          
                        <show id="ContractManagement:Expiration"/>
                                          
                        <show id="ContractManagement:DueDate"/>
                                          
                        <show id="ContractManagement:MaturityDate"/>
                                          
                        <show id="ContractManagement:ContractAging"/>
                                          
                        <show id="ContractManagement:RequestDate"/>
                                          
                        <show id="ContractManagement:RequestNumber"/>
                                          
                        <show id="ContractManagement:CompanyName"/>
                                          
                        <show id="ContractManagement:ContractType"/>
                                          
                        <show id="ContractManagement:Expired"/>
                                          
                        <show id="ContractManagement:Status"/>
                                          
                        <show id="ContractManagement:FileList"/>
                                          
                        <show id="ContractManagement:Vin"/>
                                          
                        <show id="ContractManagement:AccountNumber"/>
                                          
                        <show id="ContractManagement:associations"/>
                                          
                        <show id="ContractManagement:DealerCode"/>
                                       
                    </field-visibility>
                                   
                    <appearance>
                                          
                        <set appearance="bordered-panel" id="ContractManagement:Honda_cmm_set0" label-id="Dates" template="/org/alfresco/components/form/2-column-set.ftl"/>
                                          
                        <set appearance="bordered-panel" id="ContractManagement:Honda_cmm_set1" label-id="Contract " template="/org/alfresco/components/form/2-column-set.ftl"/>
                                          
                        <set appearance="bordered-panel" id="ContractManagement:Honda_cmm_set2" label-id="Vehicle/Dealer" template="/org/alfresco/components/form/2-column-set.ftl"/>
                                          
                        <field id="ContractManagement:Expired" set="ContractManagement:Honda_cmm_set1">
                  </field>
                                          
                        <field id="ContractManagement:ContractType" set="ContractManagement:Honda_cmm_set1">
                  </field>
                                          
                        <field id="ContractManagement:associations" set="ContractManagement:Honda_cmm_set2">
                  </field>
                                          
                        <field id="ContractManagement:DealerCode" set="ContractManagement:Honda_cmm_set2">
                  </field>
                                          
                        <field id="ContractManagement:Expiration" set="ContractManagement:Honda_cmm_set0">
                  </field>
                                          
                        <field id="ContractManagement:RequestNumber" set="ContractManagement:Honda_cmm_set1">
                  </field>
                                          
                        <field id="ContractManagement:DueDate" set="ContractManagement:Honda_cmm_set0">
                  </field>
                                          
                        <field id="ContractManagement:Vin" set="ContractManagement:Honda_cmm_set2">
                  </field>
                                          
                        <field id="ContractManagement:ContractAging" set="ContractManagement:Honda_cmm_set0">
                  </field>
                                          
                        <field id="ContractManagement:RequestDate" set="ContractManagement:Honda_cmm_set0">
                  </field>
                                          
                        <field id="ContractManagement:MaturityDate" set="ContractManagement:Honda_cmm_set0">
                  </field>
                                          
                        <field id="ContractManagement:AccountNumber" set="ContractManagement:Honda_cmm_set2">
                  </field>
                                          
                        <field id="ContractManagement:CompanyName" set="ContractManagement:Honda_cmm_set1">
                  </field>
                                          
                        <field id="ContractManagement:FileList" set="ContractManagement:Honda_cmm_set2">
                  </field>
                                          
                        <field id="ContractManagement:Status" set="ContractManagement:Honda_cmm_set1">
                  </field>
                                       
                    </appearance>
                                
                </form>
                         
            </forms>
                  
        </config>
              
        <config condition="ContractManagement:cm" evaluator="aspect">
                     
            <forms>
                            
                <form>
                                   
                    <field-visibility>
                                          
                        <show id="ContractManagement:CompanyName"/>
                                          
                        <show id="ContractManagement:ContractType"/>
                                          
                        <show id="ContractManagement:RequestNumber"/>
                                          
                        <show id="ContractManagement:RequestDate"/>
                                          
                        <show id="ContractManagement:DueDate"/>
                                          
                        <show id="ContractManagement:Expiration"/>
                                          
                        <show id="ContractManagement:associations"/>
                                          
                        <show id="ContractManagement:Status"/>
                                       
                    </field-visibility>
                                   
                    <appearance>
                                          
                        <set appearance="whitespace" id="ContractManagement:cm_cmm_set0"/>
                                          
                        <field id="ContractManagement:ContractType" set="ContractManagement:cm_cmm_set0">
                  </field>
                                          
                        <field id="ContractManagement:associations" set="ContractManagement:cm_cmm_set0">
                  </field>
                                          
                        <field id="ContractManagement:RequestDate" set="ContractManagement:cm_cmm_set0">
                  </field>
                                          
                        <field id="ContractManagement:CompanyName" set="ContractManagement:cm_cmm_set0">
                  </field>
                                          
                        <field id="ContractManagement:RequestNumber" set="ContractManagement:cm_cmm_set0">
                  </field>
                                          
                        <field id="ContractManagement:Expiration" set="ContractManagement:cm_cmm_set0">
                  </field>
                                          
                        <field id="ContractManagement:DueDate" set="ContractManagement:cm_cmm_set0">
                  </field>
                                          
                        <field id="ContractManagement:Status" set="ContractManagement:cm_cmm_set0">
                  </field>
                                       
                    </appearance>
                                
                </form>
                         
            </forms>
                  
        </config>
              
      
        <!-- Entity form designer configuration -->
              
        <config condition="FormDefinition" evaluator="string-compare">
                     
            <form-definition id="SupportingDocument">[{"elementconfig":{"label":"","appearance":"title"},"pseudonym":"cmm/editor/layout/1cols","label":"cmm.form-editor.palette.one-column","column":[{"pseudonym":"cmm/editor/property/text","id":"cm:name","elementconfig":{"infoname":"cm:name","infolabel":"Name","infotype":"d:text"},"label":"Name [cm:name]","type":["property"]},{"pseudonym":"cmm/editor/property/text","id":"cm:title","elementconfig":{"infoname":"cm:title","infolabel":"Title","infotype":"d:text","force":true},"label":"Title [cm:title]","type":["property"]},{"pseudonym":"cmm/editor/property/text","id":"cm:description","elementconfig":{"infoname":"cm:description","infolabel":"Description","infotype":"d:text","force":true},"label":"Description [cm:description]","type":["property"]},{"pseudonym":"cmm/editor/property/text","id":"cm:creator","elementconfig":{"infoname":"cm:creator","infolabel":"Creator","infotype":"d:text","for-mode":"view"},"label":"Creator [cm:creator]","type":["property"]},{"pseudonym":"cmm/editor/property/datetime","id":"cm:created","elementconfig":{"infoname":"cm:created","infolabel":"Created Date","infotype":"d:datetime","for-mode":"view"},"label":"Created Date [cm:created]","type":["property"]},{"pseudonym":"cmm/editor/property/text","id":"cm:modifier","elementconfig":{"infoname":"cm:modifier","infolabel":"Modifier","infotype":"d:text","for-mode":"view"},"label":"Modifier [cm:modifier]","type":["property"]},{"pseudonym":"cmm/editor/property/datetime","id":"cm:modified","elementconfig":{"infoname":"cm:modified","infolabel":"Modified Date","infotype":"d:datetime","for-mode":"view"},"label":"Modified Date [cm:modified]","type":["property"]},{"pseudonym":"cmm/editor/property/size","id":"size","elementconfig":{"infoname":"size","infolabel":"Size","infotype":"size","for-mode":"view","controltype":"size"},"label":"Size [size]","type":["property"]},{"pseudonym":"cmm/editor/property/mimetype","id":"mimetype","elementconfig":{"infoname":"mimetype","infolabel":"Mimetype","infotype":"mimetype","controltype":"mimetype"},"label":"Mimetype [mimetype]","type":["property"]},{"pseudonym":"cmm/editor/property/text","id":"cm:author","elementconfig":{"infoname":"cm:author","infolabel":"Author","infotype":"d:text","force":true},"label":"Author [cm:author]","type":["property"]},{"pseudonym":"cmm/editor/property/taggable","id":"cm:taggable","elementconfig":{"infoname":"cm:taggable","infolabel":"Taggable","infotype":"taggable","for-mode":"edit","force":true,"controltype":"taggable"},"label":"Taggable [cm:taggable]","type":["property"]},{"pseudonym":"cmm/editor/property/categories","id":"cm:categories","elementconfig":{"infoname":"cm:categories","infolabel":"Categories","infotype":"categories","controltype":"categories"},"label":"Categories [cm:categories]","type":["property"]}],"type":"{type}"}]</form-definition>
                     
            <form-definition id="Form">[{"elementconfig":{"label":"","appearance":"title"},"pseudonym":"cmm/editor/layout/1cols","label":"cmm.form-editor.palette.one-column","column":[{"pseudonym":"cmm/editor/property/text","id":"cm:name","elementconfig":{"infoname":"cm:name","infolabel":"Name","infotype":"d:text"},"label":"Name [cm:name]","type":["property"]},{"pseudonym":"cmm/editor/property/text","id":"cm:title","elementconfig":{"infoname":"cm:title","infolabel":"Title","infotype":"d:text","force":true},"label":"Title [cm:title]","type":["property"]},{"pseudonym":"cmm/editor/property/text","id":"cm:description","elementconfig":{"infoname":"cm:description","infolabel":"Description","infotype":"d:text","force":true},"label":"Description [cm:description]","type":["property"]},{"pseudonym":"cmm/editor/property/text","id":"cm:creator","elementconfig":{"infoname":"cm:creator","infolabel":"Creator","infotype":"d:text","for-mode":"view"},"label":"Creator [cm:creator]","type":["property"]},{"pseudonym":"cmm/editor/property/datetime","id":"cm:created","elementconfig":{"infoname":"cm:created","infolabel":"Created Date","infotype":"d:datetime","for-mode":"view"},"label":"Created Date [cm:created]","type":["property"]},{"pseudonym":"cmm/editor/property/text","id":"cm:modifier","elementconfig":{"infoname":"cm:modifier","infolabel":"Modifier","infotype":"d:text","for-mode":"view"},"label":"Modifier [cm:modifier]","type":["property"]},{"pseudonym":"cmm/editor/property/datetime","id":"cm:modified","elementconfig":{"infoname":"cm:modified","infolabel":"Modified Date","infotype":"d:datetime","for-mode":"view"},"label":"Modified Date [cm:modified]","type":["property"]},{"pseudonym":"cmm/editor/property/size","id":"size","elementconfig":{"infoname":"size","infolabel":"Size","infotype":"size","for-mode":"view","controltype":"size"},"label":"Size [size]","type":["property"]},{"pseudonym":"cmm/editor/property/mimetype","id":"mimetype","elementconfig":{"infoname":"mimetype","infolabel":"Mimetype","infotype":"mimetype","controltype":"mimetype"},"label":"Mimetype [mimetype]","type":["property"]},{"pseudonym":"cmm/editor/property/text","id":"cm:author","elementconfig":{"infoname":"cm:author","infolabel":"Author","infotype":"d:text","force":true},"label":"Author [cm:author]","type":["property"]},{"pseudonym":"cmm/editor/property/taggable","id":"cm:taggable","elementconfig":{"infoname":"cm:taggable","infolabel":"Taggable","infotype":"taggable","for-mode":"edit","force":true,"controltype":"taggable"},"label":"Taggable [cm:taggable]","type":["property"]},{"pseudonym":"cmm/editor/property/categories","id":"cm:categories","elementconfig":{"infoname":"cm:categories","infolabel":"Categories","infotype":"categories","controltype":"categories"},"label":"Categories [cm:categories]","type":["property"]}],"type":"{type}"}]</form-definition>
                     
            <form-definition id="cm">[{"elementconfig":{"label":"","appearance":"title"},"pseudonym":"cmm/editor/layout/1cols","label":"cmm.form-editor.palette.one-column","column":[{"pseudonym":"cmm/editor/property/text","id":"ContractManagement:CompanyName","elementconfig":{"infoname":"CompanyName","infolabel":"CompanyName","infotype":"d:text"},"label":"CompanyName","type":["property"]},{"pseudonym":"cmm/editor/property/text","id":"ContractManagement:ContractType","elementconfig":{"infoname":"ContractType","infolabel":"ContractType","infotype":"d:text"},"label":"ContractType","type":["property"]},{"pseudonym":"cmm/editor/property/int","id":"ContractManagement:RequestNumber","elementconfig":{"infoname":"RequestNumber","infolabel":"RequestNumber","infotype":"d:int"},"label":"RequestNumber","type":["property"]},{"pseudonym":"cmm/editor/property/date","id":"ContractManagement:RequestDate","elementconfig":{"infoname":"RequestDate","infolabel":"RequestDate","infotype":"d:date"},"label":"RequestDate","type":["property"]},{"pseudonym":"cmm/editor/property/date","id":"ContractManagement:DueDate","elementconfig":{"infoname":"DueDate","infolabel":"DueDate","infotype":"d:date"},"label":"DueDate","type":["property"]},{"pseudonym":"cmm/editor/property/date","id":"ContractManagement:Expiration","elementconfig":{"infoname":"Expiration","infolabel":"Expiration","infotype":"d:date"},"label":"Expiration","type":["property"]},{"pseudonym":"cmm/editor/property/text","id":"ContractManagement:associations","elementconfig":{"infoname":"associations","infolabel":"associations","infotype":"d:text"},"label":"associations [associations]","type":["property"]},{"pseudonym":"cmm/editor/property/text","id":"ContractManagement:Status","elementconfig":{"infoname":"Status","infolabel":"Status","infotype":"d:text"},"label":"Status [Status]","type":["property"]}],"type":"{type}"}]</form-definition>
                     
            <form-definition id="Contract">[{"elementconfig":{"label":"","appearance":"title"},"pseudonym":"cmm/editor/layout/1cols","label":"cmm.form-editor.palette.one-column","column":[{"pseudonym":"cmm/editor/property/text","id":"cm:name","elementconfig":{"infoname":"cm:name","infolabel":"Name","infotype":"d:text"},"label":"Name [cm:name]","type":["property"]},{"pseudonym":"cmm/editor/property/text","id":"cm:title","elementconfig":{"infoname":"cm:title","infolabel":"Title","infotype":"d:text","force":true},"label":"Title [cm:title]","type":["property"]},{"pseudonym":"cmm/editor/property/text","id":"cm:description","elementconfig":{"infoname":"cm:description","infolabel":"Description","infotype":"d:text","force":true},"label":"Description [cm:description]","type":["property"]},{"pseudonym":"cmm/editor/property/text","id":"cm:creator","elementconfig":{"infoname":"cm:creator","infolabel":"Creator","infotype":"d:text","for-mode":"view"},"label":"Creator [cm:creator]","type":["property"]},{"pseudonym":"cmm/editor/property/datetime","id":"cm:created","elementconfig":{"infoname":"cm:created","infolabel":"Created Date","infotype":"d:datetime","for-mode":"view"},"label":"Created Date [cm:created]","type":["property"]},{"pseudonym":"cmm/editor/property/text","id":"cm:modifier","elementconfig":{"infoname":"cm:modifier","infolabel":"Modifier","infotype":"d:text","for-mode":"view"},"label":"Modifier [cm:modifier]","type":["property"]},{"pseudonym":"cmm/editor/property/datetime","id":"cm:modified","elementconfig":{"infoname":"cm:modified","infolabel":"Modified Date","infotype":"d:datetime","for-mode":"view"},"label":"Modified Date [cm:modified]","type":["property"]},{"pseudonym":"cmm/editor/property/size","id":"size","elementconfig":{"infoname":"size","infolabel":"Size","infotype":"size","for-mode":"view","controltype":"size"},"label":"Size [size]","type":["property"]},{"pseudonym":"cmm/editor/property/mimetype","id":"mimetype","elementconfig":{"infoname":"mimetype","infolabel":"Mimetype","infotype":"mimetype","controltype":"mimetype"},"label":"Mimetype [mimetype]","type":["property"]},{"pseudonym":"cmm/editor/property/text","id":"cm:author","elementconfig":{"infoname":"cm:author","infolabel":"Author","infotype":"d:text","force":true},"label":"Author [cm:author]","type":["property"]},{"pseudonym":"cmm/editor/property/taggable","id":"cm:taggable","elementconfig":{"infoname":"cm:taggable","infolabel":"Taggable","infotype":"taggable","for-mode":"edit","force":true,"controltype":"taggable"},"label":"Taggable [cm:taggable]","type":["property"]},{"pseudonym":"cmm/editor/property/categories","id":"cm:categories","elementconfig":{"infoname":"cm:categories","infolabel":"Categories","infotype":"categories","controltype":"categories"},"label":"Categories [cm:categories]","type":["property"]}],"type":"{type}"}]</form-definition>
                     
            <form-definition id="Honda">[{"elementconfig":{"label":"Dates","appearance":"bordered-panel"},"pseudonym":"cmm/editor/layout/2cols","label":"cmm.form-editor.palette.two-column","type":["layout"],"column":[{"pseudonym":"cmm/editor/property/date","id":"ContractManagement:Expiration","elementconfig":{"infoname":"Expiration","infolabel":"Expiration Date","infotype":"d:date"},"label":"Expiration Date [Expiration]","type":["property"]},{"pseudonym":"cmm/editor/property/date","id":"ContractManagement:DueDate","elementconfig":{"infoname":"DueDate","infolabel":"Due Date","infotype":"d:date"},"label":"Due Date [DueDate]","type":["property"]},{"pseudonym":"cmm/editor/property/date","id":"ContractManagement:MaturityDate","elementconfig":{"infoname":"MaturityDate","infolabel":"Maturity Date","infotype":"d:date"},"label":"Maturity Date [MaturityDate]","type":["property"]},{"pseudonym":"cmm/editor/property/date","id":"ContractManagement:ContractAging","elementconfig":{"infoname":"ContractAging","infolabel":"Contract Aging","infotype":"d:date"},"label":"Contract Aging [ContractAging]","type":["property"]},{"pseudonym":"cmm/editor/property/date","id":"ContractManagement:RequestDate","elementconfig":{"infoname":"RequestDate","infolabel":"Request Date","infotype":"d:date"},"label":"Request Date [RequestDate]","type":["property"]}],"alfValidForm":true,"wrapperSettings":{"type":"two"}},{"elementconfig":{"label":"Contract ","appearance":"bordered-panel"},"pseudonym":"cmm/editor/layout/2cols","label":"cmm.form-editor.palette.two-column","type":["layout"],"column":[{"pseudonym":"cmm/editor/property/int","id":"ContractManagement:RequestNumber","elementconfig":{"infoname":"RequestNumber","infolabel":"Request Number","infotype":"d:int"},"label":"Request Number [RequestNumber]","type":["property"]},{"pseudonym":"cmm/editor/property/text","id":"ContractManagement:CompanyName","elementconfig":{"infoname":"CompanyName","infolabel":"Company Name","infotype":"d:text"},"label":"Company Name [CompanyName]","type":["property"]},{"pseudonym":"cmm/editor/property/text","id":"ContractManagement:ContractType","elementconfig":{"infoname":"ContractType","infolabel":"Contract Type","infotype":"d:text"},"label":"Contract Type [ContractType]","type":["property"]},{"pseudonym":"cmm/editor/property/text","id":"ContractManagement:Expired","elementconfig":{"infoname":"Expired","infolabel":"Expired","infotype":"d:text"},"label":"Expired [Expired]","type":["property"]},{"pseudonym":"cmm/editor/property/text","id":"ContractManagement:Status","elementconfig":{"infoname":"Status","infolabel":"Status","infotype":"d:text"},"label":"Status [Status]","type":["property"]}],"alfValidForm":true,"wrapperSettings":{"type":"two"}},{"elementconfig":{"label":"Vehicle/Dealer","appearance":"bordered-panel"},"pseudonym":"cmm/editor/layout/2cols","label":"cmm.form-editor.palette.two-column","type":["layout"],"column":[{"pseudonym":"cmm/editor/property/text","id":"ContractManagement:FileList","elementconfig":{"infoname":"FileList","infolabel":"File List","infotype":"d:text"},"label":"File List [FileList]","type":["property"]},{"pseudonym":"cmm/editor/property/text","id":"ContractManagement:Vin","elementconfig":{"infoname":"Vin","infolabel":"Vin","infotype":"d:text"},"label":"Vin [Vin]","type":["property"]},{"pseudonym":"cmm/editor/property/text","id":"ContractManagement:AccountNumber","elementconfig":{"infoname":"AccountNumber","infolabel":"Account #","infotype":"d:text"},"label":"Account # [AccountNumber]","type":["property"]},{"pseudonym":"cmm/editor/property/text","id":"ContractManagement:associations","elementconfig":{"infoname":"associations","infolabel":"associations","infotype":"d:text"},"label":"associations [associations]","type":["property"]},{"pseudonym":"cmm/editor/property/text","id":"ContractManagement:DealerCode","elementconfig":{"infoname":"DealerCode","infolabel":"Dealer Code","infotype":"d:text"},"label":"Dealer Code [DealerCode]","type":["property"]}],"alfValidForm":true,"wrapperSettings":{"type":"two"}}]</form-definition>
                  
        </config>
           
    </configurations>
    
</module>
