<?xml version="1.0" encoding="UTF-8"?>
<model xmlns="http://www.alfresco.org/model/dictionary/1.0" name="ContractManagement:ContractManagement">
    <author>Brendon Gilbert</author>
    <imports>
        <import uri="http://www.alfresco.org/model/content/1.0" prefix="cm"/>
        <import uri="http://www.alfresco.org/model/dictionary/1.0" prefix="d"/>
    </imports>
    <namespaces>
        <namespace uri="http://www.alfresco.com/model/cm/1.0" prefix="ContractManagement"/>
    </namespaces>
    <data-types/>
    <constraints/>
    <types>
        <type name="ContractManagement:Form">
            <parent>cm:content</parent>
            <properties/>
            <associations/>
            <overrides/>
            <mandatory-aspects/>
        </type>
        <type name="ContractManagement:SupportingDocument">
            <title>Supporting Document</title>
            <parent>ContractManagement:Contract</parent>
            <properties/>
            <associations/>
            <overrides/>
            <mandatory-aspects/>
        </type>
        <type name="ContractManagement:Communications">
            <parent>cm:content</parent>
            <properties/>
            <associations/>
            <overrides/>
            <mandatory-aspects/>
        </type>
        <type name="ContractManagement:Contract">
            <parent>cm:content</parent>
            <properties/>
            <associations/>
            <overrides/>
            <mandatory-aspects/>
        </type>
    </types>
    <aspects>
        <aspect name="ContractManagement:Honda">
            <title>Honda</title>
            <parent>ContractManagement:cm</parent>
            <properties>
                <property name="ContractManagement:DealerCode">
                    <title>Dealer Code</title>
                    <type>d:text</type>
                    <mandatory>false</mandatory>
                    <index enabled="true">
                        <tokenised>BOTH</tokenised>
                        <facetable>true</facetable>
                    </index>
                </property>
                <property name="ContractManagement:ContractAging">
                    <title>Contract Aging</title>
                    <type>d:date</type>
                    <mandatory>false</mandatory>
                    <index enabled="true">
                        <tokenised>TRUE</tokenised>
                    </index>
                </property>
                <property name="ContractManagement:re">
                    <type>d:text</type>
                    <mandatory>false</mandatory>
                    <index enabled="true">
                        <tokenised>TRUE</tokenised>
                        <facetable>false</facetable>
                    </index>
                </property>
                <property name="ContractManagement:FileList">
                    <title>File List</title>
                    <type>d:text</type>
                    <mandatory>false</mandatory>
                    <index enabled="true">
                        <tokenised>BOTH</tokenised>
                        <facetable>true</facetable>
                    </index>
                </property>
                <property name="ContractManagement:Vin">
                    <title>Vin</title>
                    <type>d:text</type>
                    <mandatory>false</mandatory>
                    <index enabled="true">
                        <tokenised>BOTH</tokenised>
                        <facetable>true</facetable>
                    </index>
                </property>
                <property name="ContractManagement:Expired">
                    <title>Expired</title>
                    <type>d:text</type>
                    <mandatory>false</mandatory>
                    <index enabled="true">
                        <tokenised>BOTH</tokenised>
                        <facetable>true</facetable>
                    </index>
                    <constraints>
                        <constraint name="ContractManagement:LIST_dd7a485d-98e1-4b03-8d7d-08d1a4e9f022" type="LIST">
                            <parameter name="allowedValues">
                                <list>
                                    <value>*</value>
                                    <value>Yes</value>
                                    <value>No</value>
                                </list>
                            </parameter>
                            <parameter name="caseSensitive">
                                <value>true</value>
                            </parameter>
                            <parameter name="sorted">
                                <value>false</value>
                            </parameter>
                        </constraint>
                    </constraints>
                </property>
                <property name="ContractManagement:MaturityDate">
                    <title>Maturity Date</title>
                    <type>d:date</type>
                    <mandatory>false</mandatory>
                    <index enabled="true">
                        <tokenised>TRUE</tokenised>
                    </index>
                </property>
                <property name="ContractManagement:AccountNumber">
                    <title>Account #</title>
                    <type>d:text</type>
                    <mandatory>false</mandatory>
                    <index enabled="true">
                        <tokenised>BOTH</tokenised>
                        <facetable>true</facetable>
                    </index>
                </property>
            </properties>
            <associations/>
            <overrides/>
            <mandatory-aspects/>
        </aspect>
        <aspect name="ContractManagement:cm">
            <title>Contract Information</title>
            <properties>
                <property name="ContractManagement:associations">
                    <title>associations</title>
                    <type>d:text</type>
                    <mandatory>false</mandatory>
                    <multiple>true</multiple>
                    <index enabled="true">
                        <tokenised>TRUE</tokenised>
                        <facetable>false</facetable>
                    </index>
                </property>
                <property name="ContractManagement:Status">
                    <title>Status</title>
                    <type>d:text</type>
                    <mandatory>false</mandatory>
                    <index enabled="true">
                        <tokenised>TRUE</tokenised>
                        <facetable>false</facetable>
                    </index>
                    <constraints>
                        <constraint name="ContractManagement:LIST_dff49627-2e25-435c-8e16-481fa67dcaec" type="LIST">
                            <parameter name="allowedValues">
                                <list>
                                    <value>.</value>
                                    <value>New</value>
                                    <value>In Progress</value>
                                    <value>Legal Review</value>
                                    <value>External Party Review</value>
                                    <value>Negotiation</value>
                                    <value>Completed </value>
                                </list>
                            </parameter>
                            <parameter name="caseSensitive">
                                <value>true</value>
                            </parameter>
                            <parameter name="sorted">
                                <value>false</value>
                            </parameter>
                        </constraint>
                    </constraints>
                </property>
                <property name="ContractManagement:DueDate">
                    <title>Due Date</title>
                    <type>d:date</type>
                    <mandatory>false</mandatory>
                    <index enabled="true">
                        <tokenised>TRUE</tokenised>
                    </index>
                </property>
                <property name="ContractManagement:CompanyName">
                    <title>Company Name</title>
                    <type>d:text</type>
                    <mandatory>false</mandatory>
                    <index enabled="true">
                        <tokenised>TRUE</tokenised>
                        <facetable>false</facetable>
                    </index>
                </property>
                <property name="ContractManagement:RequestDate">
                    <title>Request Date</title>
                    <type>d:date</type>
                    <mandatory>false</mandatory>
                    <index enabled="true">
                        <tokenised>TRUE</tokenised>
                    </index>
                </property>
                <property name="ContractManagement:Expiration">
                    <title>Expiration Date</title>
                    <type>d:date</type>
                    <mandatory>false</mandatory>
                    <index enabled="true">
                        <tokenised>TRUE</tokenised>
                    </index>
                </property>
                <property name="ContractManagement:ContractType">
                    <title>Contract Type</title>
                    <type>d:text</type>
                    <mandatory>false</mandatory>
                    <index enabled="true">
                        <tokenised>TRUE</tokenised>
                        <facetable>false</facetable>
                    </index>
                    <constraints>
                        <constraint name="ContractManagement:LIST_8042bf66-3d70-4f31-8864-09ea1a48cede" type="LIST">
                            <parameter name="allowedValues">
                                <list>
                                    <value>Internal</value>
                                    <value>External</value>
                                </list>
                            </parameter>
                            <parameter name="caseSensitive">
                                <value>true</value>
                            </parameter>
                            <parameter name="sorted">
                                <value>false</value>
                            </parameter>
                        </constraint>
                    </constraints>
                </property>
                <property name="ContractManagement:RequestNumber">
                    <title>Request Number</title>
                    <type>d:int</type>
                    <mandatory>false</mandatory>
                    <index enabled="true">
                        <tokenised>TRUE</tokenised>
                    </index>
                </property>
            </properties>
            <associations/>
            <overrides/>
            <mandatory-aspects/>
        </aspect>
    </aspects>
</model>